{"cameraMode":{"drawMode":0,"name":"Shaded","section":"Shading Mode"},"sceneLighting":false,"audioPlay":false,"sceneViewState":{"showFog":true,"showMaterialUpdate":false,"showSkybox":false,"showFlares":true,"showImageEffects":true,"showParticleSystems":true},"in2DMode":false,"pivot":{"x":-0.0020062923431396486,"y":0.4896939992904663,"z":0.08265110850334168},"rotation":{"x":0.01544722355902195,"y":0.9484819173812866,"z":-0.31317195296287539,"w":0.046766430139541629},"size":0.8450125455856323,"orthographic":false}