{"cameraMode":{"drawMode":0,"name":"Shaded","section":"Shading Mode"},"sceneLighting":false,"audioPlay":false,"sceneViewState":{"showFog":true,"showMaterialUpdate":false,"showSkybox":false,"showFlares":true,"showImageEffects":true,"showParticleSystems":true},"in2DMode":false,"pivot":{"x":3.630000114440918,"y":1.7028334140777588,"z":-2.761892318725586},"rotation":{"x":-0.17040707170963288,"y":0.6178585886955261,"z":-0.13947694003582,"w":-0.7549199461936951},"size":0.904341995716095,"orthographic":false}