{"cameraMode":{"drawMode":0,"name":"Shaded","section":"Shading Mode"},"sceneLighting":false,"audioPlay":false,"sceneViewState":{"showFog":true,"showMaterialUpdate":false,"showSkybox":false,"showFlares":true,"showImageEffects":true,"showParticleSystems":true},"in2DMode":false,"pivot":{"x":131.67857360839845,"y":1.399350643157959,"z":66.92698669433594},"rotation":{"x":0.04598737135529518,"y":-0.9490229487419128,"z":0.16478300094604493,"w":0.2650105655193329},"size":2.9734485149383547,"orthographic":false}