{"cameraMode":{"drawMode":0,"name":"Shaded","section":"Shading Mode"},"sceneLighting":false,"audioPlay":false,"sceneViewState":{"showFog":true,"showMaterialUpdate":false,"showSkybox":false,"showFlares":true,"showImageEffects":true,"showParticleSystems":true},"in2DMode":false,"pivot":{"x":0.050128936767578128,"y":0.4681916832923889,"z":-4.466123580932617},"rotation":{"x":-0.16017407178878785,"y":0.5337879657745361,"z":-0.1037679985165596,"w":-0.8238897323608398},"size":2.955231189727783,"orthographic":false}