{"cameraMode":{"drawMode":0,"name":"Shaded","section":"Shading Mode"},"sceneLighting":false,"audioPlay":false,"sceneViewState":{"showFog":true,"showMaterialUpdate":false,"showSkybox":false,"showFlares":true,"showImageEffects":true,"showParticleSystems":true},"in2DMode":false,"pivot":{"x":0.16500020027160645,"y":0.5761685371398926,"z":-4.466123580932617},"rotation":{"x":-0.23903732001781465,"y":0.6405950784683228,"z":-0.22009342908859254,"w":-0.6958480477333069},"size":3.500296115875244,"orthographic":false}