{"cameraMode":{"drawMode":0,"name":"Shaded","section":"Shading Mode"},"sceneLighting":false,"audioPlay":false,"sceneViewState":{"showFog":true,"showMaterialUpdate":false,"showSkybox":false,"showFlares":true,"showImageEffects":true,"showParticleSystems":true},"in2DMode":false,"pivot":{"x":991.7359619140625,"y":585.0165405273438,"z":-1250.38427734375},"rotation":{"x":-0.00038918163045309484,"y":0.9993512034416199,"z":-0.01140686683356762,"w":-0.036204367876052859},"size":0.8473389744758606,"orthographic":false}