{"cameraMode":{"drawMode":0,"name":"Shaded","section":"Shading Mode"},"sceneLighting":false,"audioPlay":false,"sceneViewState":{"showFog":true,"showMaterialUpdate":false,"showSkybox":false,"showFlares":true,"showImageEffects":true,"showParticleSystems":true},"in2DMode":false,"pivot":{"x":7.8190083503723148,"y":6.173934459686279,"z":-4.284721374511719},"rotation":{"x":-0.034156233072280887,"y":0.9654855132102966,"z":-0.19613903760910035,"w":-0.1684342324733734},"size":4.421272277832031,"orthographic":false}