{"cameraMode":{"drawMode":0,"name":"Shaded","section":"Shading Mode"},"sceneLighting":false,"audioPlay":false,"sceneViewState":{"showFog":true,"showMaterialUpdate":false,"showSkybox":false,"showFlares":true,"showImageEffects":true,"showParticleSystems":true},"in2DMode":false,"pivot":{"x":0.4000000059604645,"y":0.8999999761581421,"z":-5.309999942779541},"rotation":{"x":0.3498971164226532,"y":0.028348376974463464,"z":-0.01057437900453806,"w":0.9363551735877991},"size":0.6928203701972961,"orthographic":false}