{"cameraMode":{"drawMode":0,"name":"Shaded","section":"Shading Mode"},"sceneLighting":false,"audioPlay":false,"sceneViewState":{"showFog":true,"showMaterialUpdate":false,"showSkybox":false,"showFlares":true,"showImageEffects":true,"showParticleSystems":true},"in2DMode":false,"pivot":{"x":0.050128936767578128,"y":0.32852888107299807,"z":-4.466123580932617},"rotation":{"x":-0.15504881739616395,"y":0.7050929665565491,"z":-0.1624930500984192,"w":-0.6727177500724793},"size":3.838562250137329,"orthographic":false}