{"cameraMode":{"drawMode":0,"name":"Shaded","section":"Shading Mode"},"sceneLighting":false,"audioPlay":false,"sceneViewState":{"showFog":true,"showMaterialUpdate":false,"showSkybox":false,"showFlares":true,"showImageEffects":true,"showParticleSystems":true},"in2DMode":false,"pivot":{"x":4.529414176940918,"y":0.5761684775352478,"z":-5.290523052215576},"rotation":{"x":-0.17040707170963288,"y":0.6178585886955261,"z":-0.13947694003582,"w":-0.7549199461936951},"size":2.394531726837158,"orthographic":false}