{"cameraMode":{"drawMode":0,"name":"Shaded","section":"Shading Mode"},"sceneLighting":false,"audioPlay":false,"sceneViewState":{"showFog":true,"showMaterialUpdate":false,"showSkybox":false,"showFlares":true,"showImageEffects":true,"showParticleSystems":true},"in2DMode":false,"pivot":{"x":3.630000114440918,"y":2.0142500400543215,"z":-2.752838611602783},"rotation":{"x":-0.07461434602737427,"y":0.8106862306594849,"z":-0.1059141457080841,"w":-0.5710934400558472},"size":1.3565129041671754,"orthographic":false}