{"cameraMode":{"drawMode":0,"name":"Shaded","section":"Shading Mode"},"sceneLighting":false,"audioPlay":false,"sceneViewState":{"showFog":true,"showMaterialUpdate":false,"showSkybox":false,"showFlares":true,"showImageEffects":true,"showParticleSystems":true},"in2DMode":false,"pivot":{"x":0.16500020027160645,"y":0.4174634516239166,"z":-4.466123580932617},"rotation":{"x":-0.25218069553375246,"y":0.6701620221138,"z":-0.2610444128513336,"w":-0.6475258469581604},"size":4.237851142883301,"orthographic":false}