{"cameraMode":{"drawMode":0,"name":"Shaded","section":"Shading Mode"},"sceneLighting":false,"audioPlay":false,"sceneViewState":{"showFog":true,"showMaterialUpdate":false,"showSkybox":false,"showFlares":true,"showImageEffects":true,"showParticleSystems":true},"in2DMode":false,"pivot":{"x":4.630000114440918,"y":2.137995481491089,"z":-4.7427802085876469},"rotation":{"x":-0.028884589672088624,"y":-0.9589579105377197,"z":0.10572584718465805,"w":-0.26178592443466189},"size":0.2598077952861786,"orthographic":false}