{"cameraMode":{"drawMode":0,"name":"Shaded","section":"Shading Mode"},"sceneLighting":false,"audioPlay":false,"sceneViewState":{"showFog":true,"showMaterialUpdate":false,"showSkybox":false,"showFlares":true,"showImageEffects":true,"showParticleSystems":true},"in2DMode":false,"pivot":{"x":0.1534559726715088,"y":0.14247024059295655,"z":-2.8676366806030275},"rotation":{"x":-0.2702096402645111,"y":0.6731451749801636,"z":-0.2917281985282898,"w":-0.6236204504966736},"size":6.519792079925537,"orthographic":false}